personnel_id,case_id
P105,RC-03/2021/ACE/DLI
P094,RC-03/2021/ACE/DLI
P165,RC-03/2021/ACE/DLI
P094,RC-02/2023/ACE/DLI
P105,RC-02/2023/ACE/DLI
P165,RC-04/2023/ACE/DLI
P094,RC-04/2023/ACE/DLI
P166,RC-02/2021/ACE/DLI
P095,RC-02/2021/ACE/DLI
P168,RC-02/2024/ACE/DLI
P166,RC-02/2024/ACE/DLI
P095,RC-05/2024/ACE/DLI
P166,RC-05/2024/ACE/DLI
P096,RC-01/2021/ACE/DLI
P102,RC-01/2021/ACE/DLI
P103,RC-05/2021/ACE/DLI
P096,RC-05/2021/ACE/DLI
P104,RC-01/2022/ACE/DLI
P102,RC-03/2023/ACE/DLI
P096,RC-04/2024/ACE/DLI
P103,RC-04/2024/ACE/DLI
P104,RC-04/2024/ACE/DLI
P103,RC-03/2023/ACE/DLI
P096,RC-05/2023/ACE/DLI
P104,RC-03/2023/ACE/DLI
P051,RC-02/2022/ACE/LKW
P057,RC-02/2022/ACE/LKW
P058,RC-04/2022/ACE/LKW
P059,RC-04/2022/ACE/LKW
P060,RC-01/2023/ACE/LKW
P057,RC-01/2023/ACE/LKW
P098,RC-05/2022/ACE/DLI
P099,RC-05/2022/ACE/DLI
P109,RC-01/2024/ACE/JMU
P103,RC-01/2024/ACE/JMU
P114,RC-03/2024/ACE/JMU
P115,RC-03/2024/ACE/JMU
P097,RC-04/2021/ACE/DLI
P163,RC-04/2021/ACE/DLI
P111,RC-01/2021/ACE/JMU
P158,RC-02/2021/ACE/JMU
P159,RC-02/2021/ACE/JMU
P160,RC-06/2023/ACE/JMU
P161,RC-06/2023/ACE/JMU
P158,RC-06/2023/ACE/JMU
P112,RC-04/2021/ACE/JMU
P108,RC-04/2021/ACE/JMU
P112,RC-04/2022/ACE/JMU
P118,RC-04/2022/ACE/JMU
P119,RC-03/2023/ACE/JMU
P120,RC-03/2023/ACE/JMU
P121,RC-04/2024/ACE/JMU
P108,RC-05/2024/ACE/JMU
P112,RC-05/2024/ACE/JMU
P118,RC-05/2024/ACE/JMU
P121,RC-08/2024/ACE/JMU
P119,RC-08/2024/ACE/JMU
P120,RC-05/2022/ACE/JMU
P110,RC-02/2022/ACE/JMU
P114,RC-02/2022/ACE/JMU
P115,RC-03/2022/ACE/JMU
P116,RC-03/2022/ACE/JMU
P114,RC-04/2023/ACE/JMU
P115,RC-04/2023/ACE/JMU
P116,RC-04/2023/ACE/JMU
P110,RC-02/2024/ACE/JMU
P116,RC-02/2024/ACE/JMU
P109,RC-05/2023/ACE/JMU
P113,RC-05/2023/ACE/JMU
P117,RC-06/2024/ACE/JMU
P113,RC-06/2024/ACE/JMU
P094,RC-06/2022/ACE/DLI
P105,RC-06/2022/ACE/DLI
P106,RC-06/2022/ACE/DLI
P165,RC-10/2021/ACE/DLI
P094,RC-10/2021/ACE/DLI
P101,RC-06/2023/ACE/DLI
P100,RC-06/2023/ACE/DLI
P098,RC-06/2023/ACE/DLI
P049,RC-01/2021/ACE/LKW
P050,RC-01/2021/ACE/LKW
P061,RC-04/2021/ACE/LKW
P062,RC-04/2021/ACE/LKW
P049,RC-04/2021/ACE/LKW
P050,RC-05/2021/ACE/LKW
P061,RC-05/2021/ACE/LKW
P062,RC-05/2021/ACE/LKW
P050,RC-01/2022/ACE/LKW
P062,RC-01/2022/ACE/LKW
P049,RC-09/2022/ACE/LKW
P061,RC-09/2022/ACE/LKW
P053,RC-07/2022/ACE/LKW
P054,RC-07/2022/ACE/LKW
P055,RC-07/2022/ACE/LKW
P052,RC-03/2022/ACE/LKW
P063,RC-03/2022/ACE/LKW
P175,RC-03/2022/ACE/LKW
P176,RC-04/2023/ACE/LKW
P063,RC-04/2023/ACE/LKW
P051,RC-05/2023/ACE/LKW
P057,RC-05/2023/ACE/LKW
P058,RC-01/2024/ACE/LKW
P059,RC-01/2024/ACE/LKW
P060,RC-02/2024/ACE/LKW
P057,RC-03/2024/ACE/LKW
P059,RC-03/2024/ACE/LKW
P051,RC-02/2021/ACE/LKW
P058,RC-10/2022/ACE/LKW
P098,RC-08/2023/ACE/DLI
P099,RC-08/2023/ACE/DLI
P100,RC-10/2022/ACE/LKW
P101,RC-10/2022/ACE/LKW
P098,RC-07/2023/ACE/DLI
P099,RC-07/2023/ACE/DLI
P094,RC-09/2024/ACE/DLI
P165,RC-09/2024/ACE/DLI
P117,RC-01/2023/ACE/JMU
P096,RC-05/2024/ACE/DLI
P103,RC-05/2024/ACE/DLI
P078,RC-01/2021/ACE/GUW
P079,RC-01/2021/ACE/GUW
P083,RC-01/2021/ACE/GUW
P084,RC-02/2021/ACE/GUW
P085,RC-02/2021/ACE/GUW
P086,RC-04/2023/ACE/GUW
P087,RC-04/2023/ACE/GUW
P078,RC-03/2024/ACE/GUW
P083,RC-03/2024/ACE/GUW
P087,RC-02/2024/ACE/GUW
P079,RC-02/2024/ACE/GUW
P086,RC-02/2024/ACE/GUW
P084,RC-05/2021/ACE/GUW
P078,RC-01/2023/ACE/GUW
P085,RC-01/2023/ACE/GUW
P087,RC-02/2021/ACE/GUW
P079,RC-02/2021/ACE/GUW
P083,RC-03/2023/ACE/GUW
P084,RC-03/2023/ACE/GUW
P085,RC-05/2024/ACE/GUW
P087,RC-01/2024/ACE/GUW
P079,RC-01/2024/ACE/GUW
P086,RC-01/2024/ACE/GUW
P083,RC-05/2023/ACE/GUW
P078,RC-05/2023/ACE/GUW
P079,RC-04/2021/ACE/GUW
P086,RC-04/2021/ACE/GUW
P087,RC-04/2021/ACE/GUW
P084,RC-06/2021/ACE/GUW
P085,RC-06/2021/ACE/GUW
P080,RC-03/2021/ACE/GUW
P090,RC-03/2021/ACE/GUW
P091,RC-03/2021/ACE/GUW
P080,RC-03/2022/ACE/GUW
P090,RC-03/2022/ACE/GUW
P091,RC-03/2022/ACE/GUW
P081,RC-02/2022/ACE/GUW
P088,RC-02/2022/ACE/GUW
P089,RC-02/2022/ACE/GUW
P081,RC-04/2022/ACE/GUW
P088,RC-04/2022/ACE/GUW
P089,RC-05/2022/ACE/GUW
P088,RC-05/2022/ACE/GUW
P081,RC-10/2022/ACE/GUW
P088,RC-10/2022/ACE/GUW
P089,RC-10/2022/ACE/GUW
P089,RC-10/2023/ACE/GUW
P088,RC-10/2023/ACE/GUW
P081,RC-10/2023/ACE/GUW
P169,RC-04/2024/ACE/GUW
P170,RC-04/2024/ACE/GUW
P171,RC-04/2024/ACE/GUW
P082,RC-09/2023/ACE/GUW
P171,RC-09/2023/ACE/GUW
P082,RC-10/2024/ACE/GUW
P169,RC-10/2024/ACE/GUW
P170,RC-10/2024/ACE/GUW
P068,RC-02/2021/ACE/KOL
P172,RC-02/2021/ACE/KOL
P173,RC-02/2021/ACE/KOL
P174,RC-04/2021/ACE/KOL
P068,RC-04/2021/ACE/KOL
P172,RC-01/2022/ACE/KOL
P174,RC-01/2022/ACE/KOL
P068,RC-03/2023/ACE/KOL
P173,RC-03/2023/ACE/KOL
P172,RC-03/2023/ACE/KOL
P174,RC-01/2023/ACE/KOL
P068,RC-01/2023/ACE/KOL
P172,RC-01/2023/ACE/KOL
P066,RC-02/2022/ACE/KOL
P074,RC-02/2022/ACE/KOL
P075,RC-03/2022/ACE/KOL
P076,RC-03/2022/ACE/KOL
P077,RC-03/2022/ACE/KOL
P064,RC-02/2023/ACE/KOL
P065,RC-02/2023/ACE/KOL
P069,RC-02/2023/ACE/KOL
P073,RC-02/2024/ACE/KOL
P065,RC-02/2024/ACE/KOL
P069,RC-03/2024/ACE/KOL
P073,RC-03/2024/ACE/KOL
P064,RC-04/2024/ACE/KOL
P069,RC-04/2024/ACE/KOL
P073,RC-04/2024/ACE/KOL
P067,RC-04/2022/ACE/KOL
P070,RC-04/2022/ACE/KOL
P071,RC-04/2022/ACE/KOL
P072,RC-01/2024/ACE/KOL
P067,RC-01/2024/ACE/KOL
P071,RC-01/2024/ACE/KOL
P035,RC-01/2021/ACE/MUM
P046,RC-01/2021/ACE/MUM
P047,RC-04/2022/ACE/MUM
P048,RC-04/2022/ACE/MUM
P177,RC-04/2022/ACE/MUM
P046,RC-04/2024/ACE/MUM
P047,RC-04/2024/ACE/MUM
P048,RC-04/2024/ACE/MUM
P177,RC-05/2024/ACE/MUM
P046,RC-05/2024/ACE/MUM
P036,RC-02/2021/ACE/MUM
P042,RC-02/2021/ACE/MUM
P043,RC-02/2021/ACE/MUM
P045,RC-05/2023/ACE/MUM
P044,RC-05/2023/ACE/MUM
P036,RC-01/2024/ACE/MUM
P042,RC-01/2024/ACE/MUM
P043,RC-01/2024/ACE/MUM
P045,RC-02/2024/ACE/MUM
P044,RC-02/2024/ACE/MUM
P036,RC-02/2022/ACE/MUM
P042,RC-02/2022/ACE/MUM
P043,RC-02/2022/ACE/MUM
P045,RC-03/2024/ACE/MUM
P044,RC-03/2024/ACE/MUM
P034,RC-03/2021/ACE/MUM
P037,RC-03/2021/ACE/MUM
P178,RC-03/2021/ACE/MUM
P179,RC-05/2021/ACE/MUM
P180,RC-05/2021/ACE/MUM
P181,RC-04/2021/ACE/MUM
P034,RC-04/2021/ACE/MUM
P037,RC-04/2021/ACE/MUM
P178,RC-01/2022/ACE/MUM
P179,RC-01/2022/ACE/MUM
P180,RC-03/2022/ACE/MUM
P181,RC-03/2022/ACE/MUM
P034,RC-01/2023/ACE/MUM
P037,RC-01/2023/ACE/MUM
P178,RC-01/2023/ACE/MUM
P179,RC-03/2023/ACE/MUM
P180,RC-03/2023/ACE/MUM
P181,RC-05/2022/ACE/MUM
P034,RC-05/2022/ACE/MUM
P179,RC-04/2023/ACE/MUM
P180,RC-04/2023/ACE/MUM
P038,RC-02/2023/ACE/MUM
P039,RC-02/2023/ACE/MUM
P040,RC-02/2023/ACE/MUM
P019,RC-06/2021/ACE/CHE
P026,RC-06/2021/ACE/CHE
P027,RC-02/2022/ACE/CHE
P029,RC-02/2022/ACE/CHE
P028,RC-02/2022/ACE/CHE
P019,RC-03/2023/ACE/CHE
P026,RC-03/2023/ACE/CHE
P019,RC-06/2022/ACE/CHE
P026,RC-06/2022/ACE/CHE
P029,RC-06/2022/ACE/CHE
P027,RC-03/2023/ACE/CHE
P019,RC-08/2023/ACE/CHE
P029,RC-04/2024/ACE/CHE
P028,RC-04/2024/ACE/CHE
P019,RC-04/2024/ACE/CHE
P020,RC-02/2021/ACE/CHE
P024,RC-02/2021/ACE/CHE
P025,RC-02/2021/ACE/CHE
P020,RC-10/2022/ACE/CHE
P024,RC-10/2022/ACE/CHE
P025,RC-10/2022/ACE/CHE
P020,RC-06/2024/ACE/CHE
P024,RC-06/2024/ACE/CHE
P025,RC-04/2024/ACE/CHE
P020,RC-04/2024/ACE/CHE
P024,RC-04/2024/ACE/CHE
P018,RC-03/2022/ACE/CHE
P021,RC-03/2022/ACE/CHE
P182,RC-03/2022/ACE/CHE
P183,RC-04/2022/ACE/CHE
P184,RC-04/2022/ACE/CHE
P018,RC-04/2022/ACE/CHE
P021,RC-02/2023/ACE/CHE
P182,RC-02/2023/ACE/CHE
P183,RC-04/2023/ACE/CHE
P184,RC-04/2023/ACE/CHE
P018,RC-04/2023/ACE/CHE
P023,RC-04/2021/ACE/CHE
P031,RC-04/2021/ACE/CHE
P032,RC-04/2021/ACE/CHE
P033,RC-05/2021/ACE/CHE
P023,RC-05/2021/ACE/CHE
P031,RC-02/2024/ACE/CHE
P032,RC-02/2024/ACE/CHE
P022,RC-01/2022/ACE/CHE
P030,RC-01/2022/ACE/CHE
P185,RC-01/2023/ACE/CHE
P186,RC-01/2023/ACE/CHE
P022,RC-01/2023/ACE/CHE
P030,RC-05/2024/ACE/CHE
P185,RC-05/2024/ACE/CHE
P123,RC-10/2023/ACE/HYD
P128,RC-10/2023/ACE/HYD
P129,RC-10/2023/ACE/HYD
P130,RC-10/2023/ACE/HYD
P036,RC-06/2021/ACE/MUM
P042,RC-06/2021/ACE/MUM
P043,RC-09/2023/ACE/MUM
P044,RC-09/2023/ACE/MUM
P045,RC-09/2023/ACE/MUM
P002,RC-02/2021/ACE/AMD
P006,RC-02/2021/ACE/AMD
P010,RC-09/2023/ACE/MUM
P011,RC-09/2023/ACE/MUM
P002,RC-05/2023/ACE/AMD
P006,RC-05/2023/ACE/AMD
P010,RC-05/2023/ACE/AMD
P011,RC-05/2024/ACE/AMD
P002,RC-05/2024/ACE/AMD
P006,RC-05/2024/ACE/AMD
P003,RC-04/2021/ACE/AMD
P016,RC-04/2021/ACE/AMD
P017,RC-04/2021/ACE/AMD
P183,RC-04/2022/ACE/AMD
P003,RC-04/2022/ACE/AMD
P016,RC-04/2024/ACE/AMD
P017,RC-04/2024/ACE/AMD
P183,RC-04/2024/ACE/AMD
P001,RC-05/2021/ACE/AMD
P004,RC-05/2021/ACE/AMD
P012,RC-05/2021/ACE/AMD
P013,RC-01/2022/ACE/AMD
P014,RC-01/2022/ACE/AMD
P015,RC-03/2022/ACE/AMD
P001,RC-03/2022/ACE/AMD
P004,RC-05/2022/ACE/AMD
P012,RC-05/2022/ACE/AMD
P013,RC-01/2023/ACE/AMD
P014,RC-01/2023/ACE/AMD
P015,RC-03/2024/ACE/AMD
P001,RC-03/2024/ACE/AMD
P005,RC-03/2023/ACE/AMD
P007,RC-03/2023/ACE/AMD
P008,RC-03/2023/ACE/AMD
P009,RC-03/2023/ACE/AMD
P005,RC-01/2024/ACE/AMD
P007,RC-01/2024/ACE/AMD
P008,RC-01/2024/ACE/AMD
P009,RC-01/2024/ACE/AMD
P005,RC-02/2024/ACE/AMD
P007,RC-02/2024/ACE/AMD
P008,RC-02/2024/ACE/AMD
P039,RC-07/2023/ACE/MUM
P040,RC-07/2023/ACE/MUM
P122,RC-02/2021/ACE/HYD
P156,RC-02/2021/ACE/HYD
P157,RC-02/2021/ACE/HYD
P126,RC-01/2022/ACE/HYD
P155,RC-01/2022/ACE/HYD
P122,RC-01/2022/ACE/HYD
P156,RC-05/2024/ACE/HYD
P157,RC-05/2024/ACE/HYD
P126,RC-05/2024/ACE/HYD
P155,RC-05/2021/ACE/HYD
P122,RC-05/2021/ACE/HYD
P156,RC-05/2021/ACE/HYD
P128,RC-03/2021/ACE/HYD
P129,RC-03/2021/ACE/HYD
P130,RC-03/2021/ACE/HYD
P123,RC-04/2021/ACE/HYD
P128,RC-04/2021/ACE/HYD
P129,RC-05/2023/ACE/HYD
P130,RC-05/2023/ACE/HYD
P130,RC-09/2023/ACE/HYD
P123,RC-05/2023/ACE/HYD
P124,RC-04/2023/ACE/HYD
P154,RC-04/2023/ACE/HYD
P134,RC-04/2023/ACE/HYD
P135,RC-02/2023/ACE/HYD
P133,RC-02/2023/ACE/HYD
P124,RC-02/2023/ACE/HYD
P154,RC-03/2023/ACE/HYD
P134,RC-03/2023/ACE/HYD
P135,RC-03/2023/ACE/HYD
P135,RC-07/2024/ACE/HYD
P125,RC-03/2022/ACE/HYD
P127,RC-03/2022/ACE/HYD
P131,RC-04/2022/ACE/HYD
P132,RC-04/2022/ACE/HYD
P125,RC-02/2024/ACE/HYD
P127,RC-02/2024/ACE/HYD
P131,RC-02/2024/ACE/HYD
P033,RC-01/2024/ACE/CHE
P032,RC-01/2024/ACE/CHE
P019,RC-01/2021/ACE/CHE
P026,RC-01/2021/ACE/CHE
P029,RC-05/2022/ACE/CHE
P028,RC-05/2022/ACE/CHE
P027,RC-05/2022/ACE/CHE
P138,RC-03/2024/ACE/BGL
P147,RC-03/2024/ACE/BGL
P148,RC-04/2024/ACE/BGL
P149,RC-04/2024/ACE/BGL
P138,RC-06/2022/ACE/CHE
P147,RC-06/2022/ACE/CHE
P148,RC-06/2022/ACE/CHE
P149,RC-05/2022/ACE/BGL
P138,RC-05/2022/ACE/BGL
P147,RC-05/2022/ACE/BGL
P148,RC-06/2023/ACE/BGL
P149,RC-06/2023/ACE/BGL
P137,RC-01/2021/ACE/BGL
P141,RC-01/2021/ACE/BGL
P142,RC-07/2022/ACE/BGL
P143,RC-07/2022/ACE/BGL
P137,RC-07/2022/ACE/BGL
P141,RC-05/2023/ACE/BGL
P142,RC-05/2023/ACE/BGL
P143,RC-05/2023/ACE/BGL
P136,RC-03/2022/ACE/BGL
P140,RC-03/2022/ACE/BGL
P150,RC-06/2023/ACE/BGL
P151,RC-06/2023/ACE/BGL
P152,RC-06/2023/ACE/BGL
P153,RC-08/2024/ACE/BGL
P136,RC-08/2024/ACE/BGL
P140,RC-08/2024/ACE/BGL
P150,RC-09/2024/ACE/BGL
P151,RC-09/2024/ACE/BGL
P139,RC-04/2022/ACE/BGL
P144,RC-04/2022/ACE/BGL
P145,RC-04/2022/ACE/BGL
P146,RC-02/2023/ACE/BGL
P139,RC-02/2023/ACE/BGL
P144,RC-02/2023/ACE/BGL
P145,RC-01/2024/ACE/BGL
P146,RC-01/2024/ACE/BGL
P139,RC-05/2024/ACE/BGL
P144,RC-05/2024/ACE/BGL